Date,Ltp
3/20/2011,"1,170.00"
3/20/2011,"1,170.00"
3/20/2011,"1,170.00"
3/20/2011,"1,170.00"
3/24/2011,"1,153.00"
3/24/2011,"1,153.00"
3/24/2011,"1,153.00"
3/24/2011,"1,153.00"
3/25/2011,"1,174.00"
3/25/2011,"1,174.00"
3/25/2011,"1,174.00"
3/25/2011,"1,174.00"
3/27/2011,"1,147.00"
3/27/2011,"1,147.00"
3/27/2011,"1,147.00"
3/27/2011,"1,147.00"
3/28/2011,"1,132.00"
3/28/2011,"1,132.00"
3/28/2011,"1,132.00"
3/28/2011,"1,132.00"
3/29/2011,"1,097.00"
3/29/2011,"1,097.00"
3/29/2011,"1,097.00"
3/29/2011,"1,097.00"
3/30/2011,"1,040.00"
3/30/2011,"1,040.00"
3/30/2011,"1,040.00"
3/30/2011,"1,040.00"
3/31/2011,"1,082.00"
3/31/2011,"1,082.00"
3/31/2011,"1,082.00"
3/31/2011,"1,082.00"
4/4/2011,"1,099.00"
4/4/2011,"1,099.00"
4/4/2011,"1,099.00"
4/4/2011,"1,099.00"
4/5/2011,"1,100.00"
4/5/2011,"1,100.00"
4/5/2011,"1,100.00"
4/5/2011,"1,100.00"
4/6/2011,"1,122.00"
4/7/2011,"1,111.00"
4/10/2011,"1,115.00"
4/11/2011,"1,112.00"
4/13/2011,"1,218.00"
4/17/2011,"1,098.00"
4/18/2011,"1,086.00"
4/19/2011,"1,066.00"
4/20/2011,"1,063.00"
4/21/2011,"1,075.00"
4/25/2011,"1,078.00"
4/27/2011,"1,081.00"
4/28/2011,"1,046.00"
5/2/2011,"1,040.00"
5/3/2011,"1,045.00"
5/4/2011,"1,019.00"
5/5/2011,"1,030.00"
5/8/2011,"1,040.00"
5/9/2011,"1,040.00"
5/10/2011,"1,050.00"
5/11/2011,"1,070.00"
5/12/2011,"1,091.00"
5/15/2011,"1,155.00"
5/16/2011,"1,193.00"
5/18/2011,"1,172.00"
5/19/2011,"1,194.00"
5/22/2011,"1,178.00"
5/23/2011,"1,170.00"
5/24/2011,"1,150.00"
5/25/2011,"1,150.00"
5/26/2011,"1,149.00"
5/30/2011,"1,150.00"
5/31/2011,"1,100.00"
6/1/2011,"1,080.00"
6/2/2011,"1,056.00"
6/5/2011,"1,060.00"
6/6/2011,"1,055.00"
6/7/2011,"1,045.00"
6/8/2011,"1,020.00"
6/9/2011,"1,023.00"
6/12/2011,965
6/13/2011,933
6/14/2011,868
6/15/2011,817
6/16/2011,898
6/19/2011,987
6/20/2011,987
6/21/2011,"1,193.00"
6/23/2011,"1,310.00"
6/26/2011,"1,228.00"
6/27/2011,"1,106.00"
6/29/2011,"1,123.00"
6/30/2011,"1,140.00"
7/3/2011,"1,065.00"
7/4/2011,"1,086.00"
7/5/2011,"1,140.00"
7/6/2011,"1,100.00"
7/7/2011,"1,120.00"
7/10/2011,"1,140.00"
7/11/2011,"1,160.00"
7/12/2011,"1,190.00"
7/13/2011,"1,190.00"
7/14/2011,"1,252.00"
7/17/2011,"1,377.00"
7/18/2011,"1,283.00"
7/19/2011,"1,321.00"
7/20/2011,"1,356.00"
7/21/2011,"1,370.00"
7/24/2011,"1,320.00"
7/25/2011,"1,294.00"
7/26/2011,"1,265.00"
7/27/2011,"1,294.00"
7/28/2011,"1,289.00"
7/31/2011,"1,250.00"
8/1/2011,"1,246.00"
8/2/2011,"1,266.00"
8/3/2011,"1,240.00"
8/4/2011,"1,252.00"
8/9/2011,"1,182.00"
8/10/2011,"1,234.00"
8/11/2011,"1,220.00"
8/15/2011,"1,225.00"
8/16/2011,"1,225.00"
8/17/2011,"1,231.00"
8/18/2011,"1,224.00"
8/22/2011,"1,211.00"
8/23/2011,"1,200.00"
8/24/2011,"1,190.00"
8/25/2011,"1,180.00"
8/28/2011,"1,062.00"
8/29/2011,956
8/30/2011,992
9/1/2011,990
9/4/2011,975
9/5/2011,954
9/6/2011,917
9/7/2011,903
9/8/2011,885
9/12/2011,897
9/13/2011,947
9/14/2011,910
9/15/2011,925
9/18/2011,900
9/19/2011,918
9/20/2011,940
9/21/2011,950
9/22/2011,960
9/25/2011,941
9/26/2011,950
9/27/2011,940
9/29/2011,955
10/2/2011,980
10/13/2011,982
10/16/2011,970
10/17/2011,948
10/18/2011,950
10/19/2011,931
10/20/2011,939
10/23/2011,915
10/24/2011,901
10/25/2011,915
10/30/2011,900
10/31/2011,907
11/2/2011,996
11/3/2011,930
11/6/2011,901
11/8/2011,892
11/9/2011,890
11/10/2011,880
11/13/2011,870
11/14/2011,867
11/16/2011,875
11/17/2011,909
11/20/2011,885
11/21/2011,870
11/22/2011,870
11/23/2011,865
11/24/2011,860
11/27/2011,887
11/28/2011,872
12/1/2011,870
12/4/2011,857
12/5/2011,850
12/6/2011,850
12/7/2011,843
12/8/2011,840
12/11/2011,823
12/12/2011,793
12/13/2011,790
12/14/2011,821
12/15/2011,809
12/19/2011,801
12/20/2011,800
12/21/2011,805
12/22/2011,796
12/26/2011,797
12/27/2011,827
12/28/2011,836
12/29/2011,873
1/1/2012,879
1/2/2012,900
1/3/2012,892
1/4/2012,865
1/5/2012,858
1/8/2012,830
1/9/2012,846
1/10/2012,845
1/11/2012,874
1/12/2012,904
1/16/2012,879
1/17/2012,861
1/19/2012,882
1/22/2012,836
1/23/2012,835
1/25/2012,840
1/26/2012,830
1/29/2012,830
1/31/2012,842
2/1/2012,832
2/2/2012,850
2/5/2012,829
2/6/2012,824
2/7/2012,830
2/8/2012,841
2/9/2012,840
2/12/2012,843
2/13/2012,876
2/14/2012,860
2/15/2012,843
2/16/2012,850
2/21/2012,850
2/23/2012,850
2/26/2012,844
2/27/2012,847
2/28/2012,867
2/29/2012,861
3/1/2012,887
3/4/2012,874
3/5/2012,883
3/6/2012,882
3/11/2012,885
3/12/2012,880
3/13/2012,880
3/14/2012,860
3/15/2012,852
3/18/2012,867
3/19/2012,882
3/20/2012,874
3/21/2012,878
3/25/2012,878
3/26/2012,861
3/27/2012,867
3/28/2012,867
3/29/2012,867
4/1/2012,852
4/2/2012,880
4/3/2012,875
4/4/2012,902
4/8/2012,895
4/9/2012,901
4/10/2012,890
4/11/2012,910
4/12/2012,988
4/15/2012,"1,075.00"
4/17/2012,"1,000.00"
4/18/2012,"1,081.00"
4/19/2012,"1,130.00"
4/22/2012,"1,200.00"
4/24/2012,"1,320.00"
4/25/2012,"1,450.00"
4/26/2012,"1,550.00"
4/29/2012,"1,500.00"
4/30/2012,"1,400.00"
5/2/2012,"1,260.00"
5/3/2012,"1,386.00"
5/7/2012,"1,524.00"
5/8/2012,"1,524.00"
5/9/2012,"1,459.00"
5/10/2012,"1,420.00"
5/13/2012,"1,302.00"
5/14/2012,"1,219.00"
5/15/2012,"1,340.00"
5/16/2012,"1,474.00"
5/17/2012,"1,450.00"
5/20/2012,"1,450.00"
5/21/2012,"1,445.00"
5/22/2012,"1,438.00"
5/23/2012,"1,325.00"
5/24/2012,"1,369.00"
5/27/2012,"1,420.00"
5/29/2012,"1,338.00"
5/30/2012,"1,205.00"
5/31/2012,"1,200.00"
6/3/2012,"1,313.00"
6/4/2012,"1,290.00"
6/5/2012,"1,242.00"
6/6/2012,"1,206.00"
6/7/2012,"1,225.00"
6/10/2012,"1,205.00"
6/11/2012,"1,200.00"
6/12/2012,"1,210.00"
6/13/2012,"1,220.00"
6/14/2012,"1,212.00"
6/17/2012,"1,205.00"
6/18/2012,"1,210.00"
6/19/2012,"1,211.00"
6/20/2012,"1,212.00"
6/21/2012,"1,205.00"
6/25/2012,"1,264.00"
6/26/2012,"1,226.00"
6/27/2012,"1,249.00"
6/28/2012,"1,267.00"
7/1/2012,"1,260.00"
7/2/2012,"1,245.00"
7/3/2012,"1,280.00"
7/4/2012,"1,302.00"
7/5/2012,"1,293.00"
7/8/2012,"1,281.00"
7/9/2012,"1,275.00"
7/10/2012,"1,300.00"
7/11/2012,"1,310.00"
7/12/2012,"1,319.00"
7/15/2012,"1,355.00"
7/16/2012,"1,350.00"
7/17/2012,"1,371.00"
7/18/2012,"1,382.00"
7/19/2012,"1,430.00"
7/22/2012,"1,475.00"
7/23/2012,"1,483.00"
7/24/2012,"1,474.00"
7/25/2012,"1,470.00"
7/26/2012,"1,450.00"
7/29/2012,"1,440.00"
7/30/2012,"1,450.00"
7/31/2012,"1,450.00"
8/1/2012,"1,460.00"
8/5/2012,"1,470.00"
8/6/2012,"1,478.00"
8/7/2012,"1,480.00"
8/8/2012,"1,469.00"
8/12/2012,"1,451.00"
8/13/2012,"1,461.00"
8/14/2012,"1,455.00"
8/15/2012,"1,450.00"
8/16/2012,"1,469.00"
8/19/2012,"1,451.00"
8/21/2012,"1,465.00"
8/22/2012,"1,462.00"
8/23/2012,"1,465.00"
8/26/2012,"1,439.00"
8/27/2012,"1,450.00"
8/28/2012,"1,437.00"
8/29/2012,"1,440.00"
8/30/2012,"1,437.00"
9/2/2012,"1,462.00"
9/3/2012,"1,460.00"
9/4/2012,"1,455.00"
9/5/2012,"1,451.00"
9/6/2012,"1,443.00"
9/9/2012,"1,448.00"
9/10/2012,"1,426.00"
9/11/2012,"1,490.00"
9/12/2012,"1,480.00"
9/13/2012,"1,481.00"
9/16/2012,"1,485.00"
9/17/2012,"1,488.00"
9/18/2012,"1,486.00"
9/19/2012,"1,482.00"
9/20/2012,"1,470.00"
9/23/2012,"1,452.00"
9/24/2012,"1,436.00"
9/25/2012,"1,426.00"
9/26/2012,"1,410.00"
9/30/2012,"1,400.00"
10/1/2012,"1,402.00"
10/1/2012,"1,402.00"
10/2/2012,"1,385.00"
10/3/2012,"1,120.00"
10/4/2012,"1,125.00"
10/7/2012,"1,145.00"
10/8/2012,"1,150.00"
10/9/2012,"1,162.00"
10/10/2012,"1,152.00"
10/11/2012,"1,135.00"
10/14/2012,"1,157.00"
10/15/2012,"1,160.00"
10/17/2012,"1,160.00"
10/18/2012,"1,165.00"
10/30/2012,"1,224.00"
10/31/2012,"1,247.00"
11/1/2012,"1,249.00"
11/4/2012,"1,265.00"
11/5/2012,"1,280.00"
11/6/2012,"1,316.00"
11/7/2012,"1,447.00"
11/8/2012,"1,504.00"
11/11/2012,"1,410.00"
11/12/2012,"1,455.00"
11/18/2012,"1,503.00"
11/20/2012,"1,550.00"
11/21/2012,"1,535.00"
11/22/2012,"1,510.00"
11/25/2012,"1,501.00"
11/26/2012,"1,478.00"
11/27/2012,"1,485.00"
11/28/2012,"1,499.00"
11/29/2012,"1,460.00"
12/2/2012,"1,445.00"
12/3/2012,"1,460.00"
12/4/2012,"1,466.00"
12/5/2012,"1,503.00"
12/6/2012,"1,498.00"
12/9/2012,"1,450.00"
12/10/2012,"1,450.00"
12/11/2012,"1,450.00"
12/12/2012,"1,480.00"
12/13/2012,"1,490.00"
12/16/2012,"1,528.00"
12/17/2012,"1,559.00"
12/18/2012,"1,522.00"
12/19/2012,"1,547.00"
12/20/2012,"1,556.00"
12/23/2012,"1,575.00"
12/24/2012,"1,567.00"
12/26/2012,"1,615.00"
12/27/2012,"1,701.00"
12/31/2012,"1,693.00"
1/1/2013,"1,660.00"
1/2/2013,"1,661.00"
1/3/2013,"1,689.00"
1/6/2013,"1,675.00"
1/7/2013,"1,665.00"
1/8/2013,"1,654.00"
1/9/2013,"1,650.00"
1/10/2013,"1,640.00"
1/13/2013,"1,650.00"
1/15/2013,"1,650.00"
1/16/2013,"1,650.00"
1/17/2013,"1,620.00"
1/20/2013,"1,550.00"
1/21/2013,"1,590.00"
1/22/2013,"1,600.00"
1/23/2013,"1,583.00"
1/24/2013,"1,601.00"
1/27/2013,"1,605.00"
1/28/2013,"1,605.00"
1/30/2013,"1,585.00"
1/31/2013,"1,580.00"
2/3/2013,"1,620.00"
2/4/2013,"1,622.00"
2/5/2013,"1,605.00"
2/6/2013,"1,608.00"
2/7/2013,"1,606.00"
2/10/2013,"1,655.00"
2/12/2013,"1,730.00"
2/13/2013,"1,711.00"
2/14/2013,"1,749.00"
2/17/2013,"1,890.00"
2/19/2013,"1,866.00"
2/20/2013,"1,840.00"
2/21/2013,"1,850.00"
2/24/2013,"1,851.00"
2/25/2013,"1,885.00"
2/26/2013,"1,899.00"
2/27/2013,"1,870.00"
2/28/2013,"1,888.00"
3/3/2013,"1,887.00"
3/4/2013,"1,880.00"
3/5/2013,"1,868.00"
3/6/2013,"1,890.00"
3/7/2013,"1,925.00"
3/11/2013,"1,900.00"
3/13/2013,"1,908.00"
3/14/2013,"1,921.00"
3/17/2013,"1,904.00"
3/18/2013,"1,880.00"
3/19/2013,"1,890.00"
3/20/2013,"1,878.00"
3/21/2013,"1,880.00"
3/24/2013,"1,835.00"
3/25/2013,"1,852.00"
3/27/2013,"1,849.00"
3/28/2013,"1,852.00"
3/31/2013,"1,785.00"
4/1/2013,"1,795.00"
4/2/2013,"1,830.00"
4/3/2013,"1,825.00"
4/4/2013,"1,808.00"
4/7/2013,"1,790.00"
4/8/2013,"1,800.00"
4/9/2013,"1,850.00"
4/11/2013,"1,845.00"
4/15/2013,"1,835.00"
4/16/2013,"1,830.00"
4/17/2013,"1,805.00"
4/18/2013,"1,815.00"
4/21/2013,"1,820.00"
4/22/2013,"1,765.00"
4/23/2013,"1,804.00"
4/25/2013,"1,780.00"
4/28/2013,"1,770.00"
4/29/2013,"1,770.00"
4/30/2013,"1,770.00"
5/2/2013,"1,770.00"
5/5/2013,"1,735.00"
5/6/2013,"1,678.00"
5/7/2013,"1,704.00"
5/8/2013,"1,690.00"
5/9/2013,"1,685.00"
5/12/2013,"1,681.00"
5/13/2013,"1,718.00"
5/14/2013,"1,690.00"
5/15/2013,"1,695.00"
5/16/2013,"1,750.00"
5/19/2013,"1,726.00"
5/20/2013,"1,745.00"
5/21/2013,"1,750.00"
5/22/2013,"1,745.00"
5/23/2013,"1,745.00"
5/26/2013,"1,741.00"
5/27/2013,"1,804.00"
5/28/2013,"1,761.00"
5/30/2013,"1,745.00"
6/2/2013,"1,730.00"
6/3/2013,"1,750.00"
6/4/2013,"1,750.00"
6/5/2013,"1,744.00"
6/6/2013,"1,746.00"
6/9/2013,"1,740.00"
6/10/2013,"1,740.00"
6/11/2013,"1,752.00"
6/12/2013,"1,736.00"
6/13/2013,"1,728.00"
6/16/2013,"1,738.00"
6/17/2013,"1,720.00"
6/18/2013,"1,719.00"
6/19/2013,"1,721.00"
6/20/2013,"1,711.00"
6/23/2013,"1,715.00"
6/24/2013,"1,716.00"
6/25/2013,"1,730.00"
6/26/2013,"1,765.00"
6/27/2013,"1,773.00"
6/30/2013,"1,750.00"
7/1/2013,"1,747.00"
7/2/2013,"1,748.00"
7/3/2013,"1,743.00"
7/4/2013,"1,741.00"
7/7/2013,"1,741.00"
7/8/2013,"1,750.00"
7/9/2013,"1,779.00"
7/10/2013,"1,805.00"
7/11/2013,"1,786.00"
7/14/2013,"1,790.00"
7/15/2013,"1,815.00"
7/16/2013,"1,800.00"
7/17/2013,"1,825.00"
7/18/2013,"1,865.00"
7/21/2013,"1,910.00"
7/22/2013,"1,885.00"
7/23/2013,"1,920.00"
7/24/2013,"1,890.00"
7/25/2013,"1,889.00"
7/28/2013,"1,905.00"
7/29/2013,"1,900.00"
7/30/2013,"1,910.00"
7/31/2013,"1,925.00"
8/1/2013,"1,910.00"
8/4/2013,"1,915.00"
8/5/2013,"1,895.00"
8/6/2013,"1,903.00"
8/7/2013,"1,890.00"
8/8/2013,"1,900.00"
8/11/2013,"1,870.00"
8/12/2013,"1,850.00"
8/13/2013,"1,830.00"
8/14/2013,"1,819.00"
8/15/2013,"1,845.00"
8/18/2013,"1,825.00"
8/19/2013,"1,838.00"
8/20/2013,"1,855.00"
8/25/2013,"1,860.00"
8/26/2013,"1,851.00"
8/27/2013,"1,853.00"
8/29/2013,"1,834.00"
9/1/2013,"1,830.00"
9/2/2013,"1,820.00"
9/3/2013,"1,820.00"
9/4/2013,"1,820.00"
9/5/2013,"1,820.00"
9/8/2013,"2,002.00"
9/9/2013,"1,965.00"
9/10/2013,"1,940.00"
9/11/2013,"1,958.00"
9/12/2013,"1,965.00"
9/15/2013,"1,990.00"
9/16/2013,"1,996.00"
9/17/2013,"2,000.00"
9/19/2013,"1,980.00"
9/22/2013,"1,975.00"
9/23/2013,"1,970.00"
9/24/2013,"1,980.00"
9/25/2013,"1,980.00"
9/26/2013,"1,980.00"
9/29/2013,"1,975.00"
9/30/2013,"1,975.00"
10/1/2013,"1,980.00"
10/2/2013,"1,983.00"
10/3/2013,"1,976.00"
10/6/2013,"1,980.00"
10/7/2013,"1,992.00"
10/8/2013,"2,010.00"
10/9/2013,"2,008.00"
10/10/2013,"2,030.00"
10/17/2013,"2,065.00"
10/20/2013,"2,150.00"
10/21/2013,"2,200.00"
10/22/2013,"2,150.00"
10/23/2013,"2,140.00"
10/24/2013,"2,160.00"
10/27/2013,"2,200.00"
10/28/2013,"2,198.00"
10/29/2013,"2,201.00"
10/30/2013,"2,200.00"
10/31/2013,"2,198.00"
11/6/2013,"2,194.00"
11/7/2013,"2,175.00"
11/11/2013,"2,201.00"
11/12/2013,"2,205.00"
11/13/2013,"2,213.00"
11/14/2013,"2,229.00"
11/21/2013,"2,451.00"
11/24/2013,"2,523.00"
11/25/2013,"2,447.00"
11/26/2013,"2,390.00"
11/27/2013,"2,380.00"
11/28/2013,"2,380.00"
12/1/2013,"2,474.00"
12/2/2013,"2,491.00"
12/3/2013,"2,575.00"
12/4/2013,"2,715.00"
12/5/2013,"2,720.00"
12/8/2013,"2,750.00"
12/9/2013,"2,290.00"
12/10/2013,"2,255.00"
12/11/2013,"2,290.00"
12/12/2013,"2,245.00"
12/15/2013,"2,300.00"
12/16/2013,"2,386.00"
12/18/2013,"2,410.00"
12/19/2013,"2,399.00"
12/22/2013,"2,362.00"
12/23/2013,"2,245.00"
12/24/2013,"2,258.00"
12/26/2013,"2,270.00"
12/29/2013,"2,250.00"
12/31/2013,"2,210.00"
1/1/2014,"2,151.00"
1/2/2014,"2,125.00"
1/5/2014,"2,125.00"
1/6/2014,"2,110.00"
1/7/2014,"2,126.00"
1/8/2014,"2,168.00"
1/9/2014,"2,172.00"
1/12/2014,"2,225.00"
1/13/2014,"2,250.00"
1/14/2014,"2,220.00"
1/16/2014,"2,199.00"
1/19/2014,"2,210.00"
1/20/2014,"2,185.00"
1/21/2014,"2,129.00"
1/22/2014,"2,090.00"
1/23/2014,"2,080.00"
1/26/2014,"2,085.00"
1/27/2014,"2,075.00"
1/28/2014,"2,057.00"
1/29/2014,"2,050.00"
2/2/2014,"2,060.00"
2/3/2014,"2,009.00"
2/4/2014,"2,015.00"
2/6/2014,"2,077.00"
2/9/2014,"2,100.00"
2/10/2014,"2,155.00"
2/11/2014,"2,130.00"
2/12/2014,"2,102.00"
2/13/2014,"2,095.00"
2/16/2014,"2,080.00"
2/17/2014,"2,088.00"
2/18/2014,"2,105.00"
2/20/2014,"2,098.00"
2/23/2014,"2,108.00"
2/24/2014,"2,133.00"
2/25/2014,"2,130.00"
2/26/2014,"2,149.00"
3/3/2014,"2,065.00"
3/4/2014,"2,015.00"
3/5/2014,"2,090.00"
3/6/2014,"2,015.00"
3/9/2014,"2,000.00"
3/10/2014,"1,980.00"
3/11/2014,"1,979.00"
3/12/2014,"1,955.00"
3/13/2014,"1,907.00"
3/17/2014,"1,855.00"
3/18/2014,"1,799.00"
3/19/2014,"1,845.00"
3/20/2014,"1,910.00"
3/23/2014,"1,886.00"
3/24/2014,"1,915.00"
3/25/2014,"1,900.00"
3/26/2014,"1,872.00"
3/27/2014,"1,900.00"
3/31/2014,"1,895.00"
4/1/2014,"1,900.00"
4/2/2014,"1,900.00"
4/3/2014,"1,950.00"
4/6/2014,"1,965.00"
4/7/2014,"1,945.00"
4/9/2014,"1,960.00"
4/10/2014,"1,989.00"
4/13/2014,"1,995.00"
4/15/2014,"1,995.00"
4/16/2014,"1,990.00"
4/17/2014,"1,943.00"
4/20/2014,"1,950.00"
4/21/2014,"1,930.00"
4/22/2014,"1,930.00"
4/23/2014,"1,940.00"
4/27/2014,"1,900.00"
4/28/2014,"1,910.00"
4/29/2014,"1,910.00"
4/30/2014,"1,940.00"
5/4/2014,"1,935.00"
5/5/2014,"1,960.00"
5/6/2014,"2,030.00"
5/7/2014,"2,040.00"
5/8/2014,"2,012.00"
5/11/2014,"2,013.00"
5/12/2014,"2,015.00"
5/13/2014,"2,000.00"
5/15/2014,"1,960.00"
5/18/2014,"1,950.00"
5/19/2014,"1,925.00"
5/20/2014,"1,915.00"
5/21/2014,"1,915.00"
5/22/2014,"1,859.00"
5/25/2014,"1,922.00"
5/26/2014,"1,989.00"
5/27/2014,"1,950.00"
5/28/2014,"1,985.00"
6/1/2014,"2,035.00"
6/2/2014,"2,050.00"
6/3/2014,"2,069.00"
6/4/2014,"2,075.00"
6/5/2014,"2,052.00"
6/8/2014,"2,078.00"
6/9/2014,"2,110.00"
6/10/2014,"2,143.00"
6/11/2014,"2,160.00"
6/12/2014,"2,160.00"
6/15/2014,"2,330.00"
6/16/2014,"2,363.00"
6/17/2014,"2,360.00"
6/18/2014,"2,335.00"
6/19/2014,"2,270.00"
6/23/2014,"2,198.00"
6/24/2014,"2,254.00"
6/25/2014,"2,290.00"
6/26/2014,"2,301.00"
6/29/2014,"2,325.00"
6/30/2014,"2,310.00"
7/1/2014,"2,335.00"
7/2/2014,"2,345.00"
7/3/2014,"2,360.00"
7/6/2014,"2,390.00"
7/7/2014,"2,425.00"
7/8/2014,"2,450.00"
7/9/2014,"2,438.00"
7/10/2014,"2,500.00"
7/13/2014,"2,554.00"
7/14/2014,"2,550.00"
7/15/2014,"2,538.00"
7/16/2014,"2,535.00"
7/17/2014,"2,528.00"
7/20/2014,"2,620.00"
7/21/2014,"2,610.00"
7/22/2014,"2,657.00"
7/23/2014,"2,680.00"
7/24/2014,"2,652.00"
7/27/2014,"2,600.00"
7/28/2014,"2,610.00"
7/30/2014,"2,580.00"
7/31/2014,"2,571.00"
8/3/2014,"2,583.00"
8/4/2014,"2,480.00"
8/5/2014,"2,500.00"
8/6/2014,"2,489.00"
8/7/2014,"2,472.00"
8/12/2014,"2,415.00"
8/13/2014,"2,450.00"
8/14/2014,"2,513.00"
8/18/2014,"2,505.00"
8/19/2014,"2,475.00"
8/20/2014,"2,418.00"
8/21/2014,"2,441.00"
8/24/2014,"2,470.00"
8/25/2014,"2,360.00"
8/26/2014,"2,223.00"
8/27/2014,"2,365.00"
8/28/2014,"2,412.00"
8/31/2014,"2,462.00"
9/1/2014,"2,402.00"
9/3/2014,"2,424.00"
9/4/2014,"2,397.00"
9/7/2014,"2,230.00"
9/9/2014,"2,365.00"
9/10/2014,"2,320.00"
9/11/2014,"2,260.00"
9/14/2014,"2,276.00"
9/15/2014,"2,300.00"
9/16/2014,"2,325.00"
9/17/2014,"2,300.00"
9/18/2014,"2,247.00"
9/21/2014,"2,190.00"
9/22/2014,"2,174.00"
9/23/2014,"2,213.00"
9/24/2014,"2,344.00"
9/28/2014,"2,345.00"
9/29/2014,"2,399.00"
9/30/2014,"2,395.00"
10/8/2014,"2,370.00"
10/9/2014,"2,380.00"
10/12/2014,"2,360.00"
10/13/2014,"2,272.00"
10/14/2014,"2,290.00"
10/15/2014,"2,340.00"
10/16/2014,"2,340.00"
10/19/2014,"2,315.00"
10/20/2014,"2,320.00"
10/21/2014,"2,324.00"
10/22/2014,"2,350.00"
10/26/2014,"2,350.00"
10/27/2014,"2,364.00"
10/28/2014,"2,350.00"
10/30/2014,"2,325.00"
11/2/2014,"2,290.00"
11/3/2014,"2,200.00"
11/4/2014,"2,210.00"
11/5/2014,"2,206.00"
11/6/2014,"2,220.00"
11/9/2014,"2,217.00"
11/10/2014,"2,200.00"
11/11/2014,"2,200.00"
11/12/2014,"2,170.00"
11/13/2014,"1,800.00"
11/16/2014,"1,709.00"
11/17/2014,"1,635.00"
11/18/2014,"1,667.00"
11/19/2014,"1,710.00"
11/20/2014,"1,739.00"
11/23/2014,"1,742.00"
11/24/2014,"1,715.00"
11/25/2014,"1,696.00"
11/30/2014,"1,680.00"
12/1/2014,"1,692.00"
12/2/2014,"1,680.00"
12/3/2014,"1,665.00"
12/4/2014,"1,714.00"
12/7/2014,"1,701.00"
12/8/2014,"1,707.00"
12/9/2014,"1,715.00"
12/10/2014,"1,720.00"
12/11/2014,"1,800.00"
12/14/2014,"1,945.00"
12/15/2014,"1,950.00"
12/16/2014,"1,926.00"
12/17/2014,"1,875.00"
12/18/2014,"1,938.00"
12/22/2014,"1,836.00"
12/23/2014,"1,800.00"
12/24/2014,"1,856.00"
12/28/2014,"1,870.00"
12/29/2014,"1,873.00"
12/31/2014,"1,820.00"
1/1/2015,"1,875.00"
1/4/2015,"1,880.00"
1/5/2015,"1,886.00"
1/6/2015,"1,852.00"
1/7/2015,"1,885.00"
1/8/2015,"1,890.00"
1/11/2015,"1,855.00"
1/12/2015,"1,855.00"
1/13/2015,"1,890.00"
1/14/2015,"1,869.00"
1/18/2015,"1,894.00"
1/19/2015,"1,982.00"
1/20/2015,"1,950.00"
1/22/2015,"1,940.00"
1/25/2015,"1,950.00"
1/26/2015,"1,950.00"
1/27/2015,"1,974.00"
1/28/2015,"2,020.00"
1/29/2015,"2,012.00"
2/1/2015,"2,051.00"
2/2/2015,"2,050.00"
2/3/2015,"2,021.00"
2/4/2015,"2,010.00"
2/5/2015,"2,012.00"
2/8/2015,"2,010.00"
2/9/2015,"1,990.00"
2/10/2015,"1,998.00"
2/11/2015,"1,998.00"
2/12/2015,"2,005.00"
2/15/2015,"2,000.00"
2/16/2015,"1,995.00"
2/18/2015,"1,985.00"
2/22/2015,"1,947.00"
2/23/2015,"1,939.00"
2/24/2015,"1,950.00"
2/25/2015,"1,952.00"
2/26/2015,"1,926.00"
3/1/2015,"1,930.00"
3/2/2015,"1,925.00"
3/3/2015,"1,930.00"
3/4/2015,"1,940.00"
3/9/2015,"1,961.00"
3/10/2015,"1,942.00"
3/11/2015,"1,960.00"
3/12/2015,"1,945.00"
3/15/2015,"1,925.00"
3/16/2015,"1,911.00"
3/17/2015,"1,906.00"
3/18/2015,"1,901.00"
3/19/2015,"1,925.00"
3/22/2015,"1,909.00"
3/23/2015,"1,900.00"
3/24/2015,"1,900.00"
3/25/2015,"1,887.00"
3/26/2015,"1,870.00"
3/29/2015,"1,880.00"
3/30/2015,"1,881.00"
3/31/2015,"1,875.00"
4/1/2015,"1,875.00"
4/2/2015,"1,889.00"
4/5/2015,"1,865.00"
4/6/2015,"1,880.00"
4/7/2015,"1,870.00"
4/8/2015,"1,895.00"
4/9/2015,"1,905.00"
4/12/2015,"1,940.00"
4/13/2015,"1,920.00"
4/15/2015,"1,895.00"
4/16/2015,"1,950.00"
4/19/2015,"1,925.00"
4/20/2015,"1,940.00"
4/21/2015,"1,930.00"
4/22/2015,"1,900.00"
4/23/2015,"1,902.00"
5/25/2015,"1,712.00"
5/26/2015,"1,650.00"
5/27/2015,"1,615.00"
5/28/2015,"1,602.00"
5/31/2015,"1,723.00"
6/1/2015,"1,819.00"
6/2/2015,"1,850.00"
6/3/2015,"1,908.00"
6/4/2015,"1,900.00"
6/7/2015,"1,910.00"
6/8/2015,"1,935.00"
6/9/2015,"2,010.00"
6/10/2015,"1,982.00"
6/11/2015,"1,940.00"
6/14/2015,"1,925.00"
6/16/2015,"1,900.00"
6/17/2015,"1,881.00"
6/18/2015,"1,880.00"
6/21/2015,"1,875.00"
6/22/2015,"1,875.00"
6/23/2015,"1,880.00"
6/24/2015,"1,881.00"
6/25/2015,"1,885.00"
6/28/2015,"1,900.00"
6/29/2015,"1,905.00"
6/30/2015,"1,909.00"
7/1/2015,"1,909.00"
7/2/2015,"1,909.00"
7/5/2015,"1,919.00"
7/6/2015,"1,923.00"
7/7/2015,"1,911.00"
7/8/2015,"1,910.00"
7/9/2015,"1,920.00"
7/12/2015,"1,935.00"
7/13/2015,"1,924.00"
7/14/2015,"1,920.00"
7/15/2015,"1,930.00"
7/16/2015,"1,910.00"
7/22/2015,"1,900.00"
7/23/2015,"2,010.00"
7/26/2015,"2,091.00"
7/27/2015,"2,300.00"
7/28/2015,"2,250.00"
7/29/2015,"2,240.00"
7/30/2015,"2,300.00"
8/2/2015,"2,310.00"
8/3/2015,"2,309.00"
8/4/2015,"2,289.00"
8/5/2015,"2,280.00"
8/6/2015,"2,300.00"
8/9/2015,"2,398.00"
8/10/2015,"2,490.00"
8/11/2015,"2,470.00"
8/12/2015,"2,471.00"
8/13/2015,"2,500.00"
8/16/2015,"2,595.00"
8/17/2015,"2,690.00"
8/18/2015,"2,700.00"
8/19/2015,"2,690.00"
8/20/2015,"2,695.00"
8/23/2015,"2,670.00"
8/24/2015,"2,610.00"
8/25/2015,"2,579.00"
8/26/2015,"2,556.00"
8/27/2015,"2,580.00"
8/31/2015,"2,599.00"
9/1/2015,"2,579.00"
9/2/2015,"2,480.00"
9/3/2015,"2,465.00"
9/6/2015,"2,450.00"
9/7/2015,"2,499.00"
9/8/2015,"2,531.00"
9/9/2015,"2,511.00"
9/10/2015,"2,500.00"
9/13/2015,"2,505.00"
9/14/2015,"2,578.00"
9/15/2015,"2,674.00"
9/16/2015,"2,675.00"
9/17/2015,"2,640.00"
9/22/2015,"2,510.00"
9/23/2015,"2,600.00"
9/24/2015,"2,575.00"
9/28/2015,"2,491.00"
9/29/2015,"2,540.00"
9/30/2015,"2,560.00"
10/1/2015,"2,550.00"
10/4/2015,"2,570.00"
10/5/2015,"2,440.00"
10/6/2015,"2,395.00"
10/7/2015,"2,350.00"
10/8/2015,"2,440.00"
10/11/2015,"2,375.00"
10/14/2015,"2,375.00"
10/15/2015,"2,360.00"
10/18/2015,"2,358.00"
10/19/2015,"2,400.00"
10/25/2015,"2,356.00"
10/27/2015,"2,280.00"
10/28/2015,"2,240.00"
10/29/2015,"2,279.00"
11/1/2015,"2,275.00"
11/2/2015,"2,310.00"
11/3/2015,"2,270.00"
11/4/2015,"2,280.00"
11/5/2015,"2,250.00"
11/8/2015,"2,249.00"
11/9/2015,"2,280.00"
11/10/2015,"2,310.00"
11/15/2015,"2,305.00"
11/16/2015,"2,288.00"
11/18/2015,"2,309.00"
11/19/2015,"2,288.00"
11/22/2015,"2,205.00"
11/23/2015,"2,210.00"
11/24/2015,"2,180.00"
11/25/2015,"2,130.00"
11/26/2015,"2,100.00"
11/29/2015,"2,020.00"
11/30/2015,"2,090.00"
12/1/2015,"2,200.00"
12/2/2015,"2,248.00"
12/3/2015,"2,300.00"
12/6/2015,"1,819.00"
12/7/2015,"1,895.00"
12/8/2015,"1,900.00"
12/9/2015,"1,940.00"
12/10/2015,"1,900.00"
12/13/2015,"1,903.00"
12/14/2015,"1,890.00"
12/15/2015,"1,860.00"
12/16/2015,"1,854.00"
12/17/2015,"1,842.00"
12/20/2015,"1,830.00"
12/21/2015,"1,800.00"
12/22/2015,"1,840.00"
12/23/2015,"1,821.00"
12/24/2015,"1,815.00"
12/27/2015,"1,800.00"
12/28/2015,"1,820.00"
12/29/2015,"1,853.00"
12/31/2015,"1,860.00"
1/3/2016,"1,840.00"
1/4/2016,"1,800.00"
1/5/2016,"1,800.00"
1/6/2016,"1,795.00"
1/7/2016,"1,815.00"
1/10/2016,"1,820.00"
1/11/2016,"1,826.00"
1/12/2016,"1,830.00"
1/13/2016,"1,814.00"
1/14/2016,"1,850.00"
1/17/2016,"1,890.00"
1/18/2016,"1,920.00"
1/19/2016,"1,920.00"
1/20/2016,"1,921.00"
1/21/2016,"1,905.00"
1/24/2016,"1,895.00"
1/25/2016,"1,920.00"
1/26/2016,"1,898.00"
1/27/2016,"1,885.00"
1/28/2016,"1,890.00"
1/31/2016,"1,890.00"
2/1/2016,"1,905.00"
2/2/2016,"1,900.00"
2/3/2016,"1,900.00"
2/4/2016,"1,917.00"
2/7/2016,"1,935.00"
2/8/2016,"1,919.00"
2/11/2016,"1,912.00"
2/14/2016,"1,900.00"
2/15/2016,"1,900.00"
2/16/2016,"1,880.00"
2/17/2016,"1,886.00"
2/18/2016,"1,893.00"
2/21/2016,"1,907.00"
2/22/2016,"1,955.00"
2/23/2016,"1,950.00"
2/24/2016,"1,915.00"
2/25/2016,"1,921.00"
2/28/2016,"1,920.00"
2/29/2016,"1,906.00"
3/1/2016,"1,900.00"
3/2/2016,"1,900.00"
3/3/2016,"1,900.00"
3/6/2016,"1,909.00"
3/10/2016,"1,900.00"
3/13/2016,"1,904.00"
3/14/2016,"1,895.00"
3/15/2016,"1,890.00"
3/16/2016,"1,895.00"
3/17/2016,"1,900.00"
3/20/2016,"1,910.00"
3/21/2016,"1,919.00"
3/23/2016,"1,925.00"
3/24/2016,"1,985.00"
3/27/2016,"2,111.00"
3/28/2016,"2,120.00"
3/29/2016,"2,099.00"
3/30/2016,"2,090.00"
3/31/2016,"2,060.00"
4/3/2016,"2,044.00"
4/4/2016,"2,065.00"
4/5/2016,"2,091.00"
4/6/2016,"2,092.00"
4/10/2016,"2,090.00"
4/11/2016,"2,100.00"
4/12/2016,"2,110.00"
4/14/2016,"2,120.00"
4/17/2016,"2,119.00"
4/18/2016,"2,170.00"
4/19/2016,"2,200.00"
4/20/2016,"2,260.00"
4/21/2016,"2,241.00"
4/24/2016,"2,251.00"
4/25/2016,"2,260.00"
4/26/2016,"2,235.00"
4/27/2016,"2,232.00"
4/28/2016,"2,237.00"
5/2/2016,"2,302.00"
5/3/2016,"2,281.00"
5/4/2016,"2,260.00"
5/5/2016,"2,232.00"
5/8/2016,"2,270.00"
5/9/2016,"2,280.00"
5/10/2016,"2,269.00"
5/11/2016,"2,269.00"
5/12/2016,"2,250.00"
5/15/2016,"2,237.00"
5/16/2016,"2,227.00"
5/17/2016,"2,270.00"
5/18/2016,"2,270.00"
5/19/2016,"2,281.00"
5/22/2016,"2,273.00"
5/23/2016,"2,275.00"
5/24/2016,"2,310.00"
5/25/2016,"2,280.00"
5/26/2016,"2,271.00"
5/29/2016,"2,268.00"
5/30/2016,"2,241.00"
5/31/2016,"2,220.00"
6/1/2016,"2,220.00"
6/2/2016,"2,208.00"
6/5/2016,"2,150.00"
6/6/2016,"2,195.00"
6/7/2016,"2,235.00"
6/8/2016,"2,241.00"
6/9/2016,"2,239.00"
6/12/2016,"2,341.00"
6/13/2016,"2,310.00"
6/14/2016,"2,280.00"
6/15/2016,"2,289.00"
6/16/2016,"2,295.00"
6/19/2016,"2,275.00"
6/20/2016,"2,276.00"
6/21/2016,"2,286.00"
6/22/2016,"2,308.00"
6/23/2016,"2,340.00"
6/26/2016,"2,400.00"
6/27/2016,"2,450.00"
6/28/2016,"2,471.00"
6/29/2016,"2,450.00"
6/30/2016,"2,410.00"
7/3/2016,"2,400.00"
7/4/2016,"2,395.00"
7/5/2016,"2,380.00"
7/6/2016,"2,375.00"
7/10/2016,"2,395.00"
7/11/2016,"2,380.00"
7/12/2016,"2,363.00"
7/13/2016,"2,330.00"
7/14/2016,"2,344.00"
7/17/2016,"2,370.00"
7/18/2016,"2,389.00"
7/19/2016,"2,415.00"
7/20/2016,"2,420.00"
7/21/2016,"2,425.00"
7/25/2016,"2,460.00"
7/26/2016,"2,450.00"
7/27/2016,"2,466.00"
7/28/2016,"2,465.00"
7/31/2016,"2,463.00"
8/1/2016,"2,451.00"
8/2/2016,"2,440.00"
8/3/2016,"2,385.00"
8/4/2016,"2,342.00"
8/7/2016,"2,345.00"
8/8/2016,"2,240.00"
8/9/2016,"2,329.00"
8/10/2016,"2,350.00"
8/11/2016,"2,360.00"
8/14/2016,"2,340.00"
8/15/2016,"2,260.00"
8/16/2016,"2,285.00"
8/17/2016,"2,290.00"
8/21/2016,"2,290.00"
8/22/2016,"2,277.00"
8/23/2016,"2,289.00"
8/24/2016,"2,300.00"
8/28/2016,"2,325.00"
8/29/2016,"2,320.00"
8/30/2016,"2,368.00"
8/31/2016,"2,360.00"
9/1/2016,"2,365.00"
9/3/2016,"2,408.00"
9/4/2016,"2,408.00"
9/5/2016,"2,472.00"
9/6/2016,"2,450.00"
9/7/2016,"2,468.00"
9/8/2016,"2,438.00"
9/11/2016,"2,410.00"
9/12/2016,"2,390.00"
9/14/2016,"2,411.00"
9/18/2016,"2,369.00"
9/20/2016,"2,350.00"
9/22/2016,"1,765.00"
9/25/2016,"1,700.00"
9/26/2016,"1,781.00"
9/27/2016,"1,768.00"
9/28/2016,"1,764.00"
9/29/2016,"1,792.00"
10/2/2016,"1,780.00"
10/3/2016,"1,788.00"
10/4/2016,"1,800.00"
10/5/2016,"1,790.00"
10/6/2016,"1,780.00"
10/16/2016,"1,770.00"
10/17/2016,"1,774.00"
10/18/2016,"1,789.00"
10/19/2016,"1,790.00"
10/20/2016,"1,785.00"
10/23/2016,"1,765.00"
10/24/2016,"1,740.00"
10/25/2016,"1,729.00"
10/26/2016,"1,740.00"
10/27/2016,"1,755.00"
11/3/2016,"1,760.00"
11/7/2016,"1,739.00"
11/8/2016,"1,725.00"
11/9/2016,"1,708.00"
11/10/2016,"1,700.00"
11/13/2016,"1,703.00"
11/14/2016,"1,722.00"
11/15/2016,"1,716.00"
11/16/2016,"1,695.00"
11/17/2016,"1,670.00"
11/20/2016,"1,630.00"
11/21/2016,"1,635.00"
11/22/2016,"1,630.00"
11/23/2016,"1,600.00"
11/24/2016,"1,595.00"
11/27/2016,"1,555.00"
11/28/2016,"1,640.00"
11/29/2016,"1,655.00"
11/30/2016,"1,691.00"
12/1/2016,"1,674.00"
12/4/2016,"1,670.00"
12/5/2016,"1,640.00"
12/6/2016,"1,638.00"
12/7/2016,"1,635.00"
12/8/2016,"1,630.00"
12/11/2016,"1,600.00"
12/12/2016,"1,590.00"
12/14/2016,"1,580.00"
12/15/2016,"1,580.00"
12/18/2016,"1,575.00"
12/19/2016,"1,580.00"
12/20/2016,"1,570.00"
12/21/2016,"1,533.00"
12/22/2016,"1,530.00"
12/26/2016,"1,508.00"
12/27/2016,"1,479.00"
12/28/2016,"1,475.00"
12/29/2016,"1,519.00"
1/1/2017,"1,530.00"
1/2/2017,"1,544.00"
1/3/2017,"1,525.00"
1/4/2017,"1,515.00"
1/5/2017,"1,505.00"
1/8/2017,"1,510.00"
1/9/2017,"1,519.00"
1/10/2017,"1,538.00"
1/11/2017,"1,565.00"
1/12/2017,"1,560.00"
1/15/2017,"1,540.00"
1/16/2017,"1,508.00"
1/17/2017,"1,505.00"
1/18/2017,"1,504.00"
1/19/2017,"1,500.00"
1/22/2017,"1,506.00"
1/23/2017,"1,500.00"
1/24/2017,"1,487.00"
1/25/2017,"1,441.00"
1/26/2017,"1,432.00"
1/30/2017,"1,365.00"
1/31/2017,"1,390.00"
2/1/2017,"1,442.00"
2/2/2017,"1,455.00"
2/5/2017,"1,455.00"
2/6/2017,"1,420.00"
2/7/2017,"1,405.00"
2/8/2017,"1,395.00"
2/9/2017,"1,370.00"
2/12/2017,"1,305.00"
2/13/2017,"1,370.00"
2/14/2017,"1,360.00"
2/15/2017,"1,412.00"
2/16/2017,"1,456.00"
2/19/2017,"1,496.00"
2/20/2017,"1,520.00"
2/21/2017,"1,515.00"
2/22/2017,"1,485.00"
2/23/2017,"1,471.00"
2/26/2017,"1,405.00"
2/28/2017,"1,395.00"
3/1/2017,"1,400.00"
3/2/2017,"1,420.00"
3/5/2017,"1,450.00"
3/6/2017,"1,469.00"
3/7/2017,"1,435.00"
3/9/2017,"1,436.00"
3/13/2017,"1,455.00"
3/14/2017,"1,449.00"
3/15/2017,"1,440.00"
3/16/2017,"1,440.00"
3/19/2017,"1,440.00"
3/20/2017,"1,460.00"
3/21/2017,"1,475.00"
3/22/2017,"1,481.00"
3/23/2017,"1,470.00"
3/26/2017,"1,500.00"
3/28/2017,"1,575.00"
3/29/2017,"1,570.00"
3/30/2017,"1,550.00"
4/2/2017,"1,579.00"
4/3/2017,"1,577.00"
4/4/2017,"1,580.00"
4/6/2017,"1,570.00"
4/9/2017,"1,568.00"
4/10/2017,"1,575.00"
4/11/2017,"1,600.00"
4/12/2017,"1,615.00"
4/13/2017,"1,590.00"
4/16/2017,"1,556.00"
4/18/2017,"1,515.00"
4/19/2017,"1,540.00"
4/20/2017,"1,551.00"
4/23/2017,"1,599.00"
4/24/2017,"1,599.00"
4/25/2017,"1,590.00"
4/26/2017,"1,574.00"
4/27/2017,"1,580.00"
4/30/2017,"1,545.00"
5/2/2017,"1,535.00"
5/3/2017,"1,569.00"
5/4/2017,"1,560.00"
5/7/2017,"1,535.00"
5/8/2017,"1,540.00"
5/9/2017,"1,560.00"
5/11/2017,"1,560.00"
5/15/2017,"1,560.00"
5/16/2017,"1,558.00"
5/17/2017,"1,560.00"
5/18/2017,"1,554.00"
5/21/2017,"1,550.00"
5/22/2017,"1,535.00"
5/23/2017,"1,550.00"
5/24/2017,"1,557.00"
5/28/2017,"1,538.00"
5/30/2017,"1,499.00"
5/31/2017,"1,500.00"
6/1/2017,"1,500.00"
6/4/2017,"1,480.00"
6/5/2017,"1,500.00"
6/6/2017,"1,519.00"
6/7/2017,"1,515.00"
6/8/2017,"1,512.00"
6/11/2017,"1,472.00"
6/12/2017,"1,460.00"
6/13/2017,"1,460.00"
6/14/2017,"1,452.00"
6/15/2017,"1,480.00"
6/18/2017,"1,459.00"
6/19/2017,"1,450.00"
6/20/2017,"1,442.00"
6/21/2017,"1,460.00"
6/22/2017,"1,452.00"
6/25/2017,"1,489.00"
6/27/2017,"1,491.00"
6/28/2017,"1,499.00"
7/2/2017,"1,479.00"
7/3/2017,"1,475.00"
7/4/2017,"1,476.00"
7/5/2017,"1,475.00"
7/6/2017,"1,500.00"
7/9/2017,"1,500.00"
7/10/2017,"1,493.00"
7/11/2017,"1,506.00"
7/12/2017,"1,519.00"
7/13/2017,"1,523.00"
7/16/2017,"1,530.00"
7/17/2017,"1,597.00"
7/18/2017,"1,638.00"
7/19/2017,"1,658.00"
7/20/2017,"1,658.00"
7/23/2017,"1,635.00"
7/24/2017,"1,610.00"
7/25/2017,"1,612.00"
7/26/2017,"1,620.00"
7/27/2017,"1,627.00"
7/30/2017,"1,620.00"
7/31/2017,"1,622.00"
8/1/2017,"1,635.00"
8/2/2017,"1,638.00"
8/3/2017,"1,667.00"
8/6/2017,"1,728.00"
8/7/2017,"1,768.00"
8/9/2017,"1,780.00"
8/10/2017,"1,758.00"
8/13/2017,"1,750.00"
8/15/2017,"1,720.00"
8/16/2017,"1,718.00"
8/17/2017,"1,737.00"
8/20/2017,"1,735.00"
8/21/2017,"1,720.00"
8/22/2017,"1,729.00"
8/23/2017,"1,730.00"
8/24/2017,"1,729.00"
8/27/2017,"1,767.00"
8/28/2017,"1,762.00"
8/30/2017,"1,737.00"
8/31/2017,"1,700.00"
9/4/2017,"1,665.00"
9/6/2017,"1,694.00"
9/7/2017,"1,675.00"
9/10/2017,"1,634.00"
9/11/2017,"1,630.00"
9/12/2017,"1,191.00"
9/13/2017,"1,185.00"
9/14/2017,"1,205.00"
9/17/2017,"1,245.00"
9/18/2017,"1,264.00"
9/20/2017,"1,254.00"
9/24/2017,"1,254.00"
9/25/2017,"1,260.00"
9/26/2017,"1,264.00"
10/3/2017,"1,265.00"
10/4/2017,"1,245.00"
10/8/2017,"1,218.00"
10/9/2017,"1,205.00"
10/10/2017,"1,205.00"
10/11/2017,"1,200.00"
10/12/2017,"1,200.00"
10/15/2017,"1,219.00"
10/16/2017,"1,285.00"
10/17/2017,"1,273.00"
10/18/2017,"1,277.00"
10/22/2017,"1,272.00"
10/23/2017,"1,265.00"
10/24/2017,"1,257.00"
10/25/2017,"1,235.00"
10/29/2017,"1,230.00"
10/30/2017,"1,225.00"
10/31/2017,"1,219.00"
11/1/2017,"1,220.00"
11/2/2017,"1,215.00"
11/5/2017,"1,203.00"
11/6/2017,"1,190.00"
11/7/2017,"1,179.00"
11/8/2017,"1,165.00"
11/9/2017,"1,130.00"
11/12/2017,"1,150.00"
11/13/2017,"1,161.00"
11/14/2017,"1,200.00"
11/15/2017,"1,200.00"
11/16/2017,"1,182.00"
11/19/2017,"1,168.00"
11/20/2017,"1,140.00"
11/21/2017,"1,145.00"
11/22/2017,"1,166.00"
11/23/2017,"1,166.00"
11/26/2017,"1,175.00"
11/27/2017,"1,165.00"
11/28/2017,"1,180.00"
11/29/2017,"1,180.00"
11/30/2017,"1,179.00"
12/4/2017,"1,166.00"
12/5/2017,"1,170.00"
12/6/2017,"1,168.00"
12/10/2017,"1,164.00"
12/11/2017,"1,167.00"
12/12/2017,"1,160.00"
12/13/2017,"1,156.00"
12/14/2017,"1,160.00"
12/17/2017,"1,155.00"
12/18/2017,"1,160.00"
12/19/2017,"1,155.00"
12/20/2017,"1,155.00"
12/21/2017,"1,149.00"
12/24/2017,"1,150.00"
12/26/2017,"1,145.00"
12/27/2017,"1,134.00"
12/28/2017,"1,090.00"
12/31/2017,"1,020.00"
1/1/2018,"1,065.00"
1/2/2018,"1,080.00"
1/3/2018,"1,055.00"
1/4/2018,"1,080.00"
1/7/2018,"1,081.00"
1/8/2018,"1,089.00"
1/9/2018,"1,090.00"
1/10/2018,"1,070.00"
1/14/2018,"1,065.00"
1/16/2018,"1,030.00"
1/17/2018,"1,039.00"
1/21/2018,"1,039.00"
1/22/2018,"1,039.00"
1/23/2018,"1,031.00"
1/24/2018,"1,015.00"
1/25/2018,"1,037.00"
1/28/2018,"1,048.00"
1/29/2018,"1,052.00"
1/31/2018,"1,070.00"
2/1/2018,"1,090.00"
2/4/2018,"1,086.00"
2/5/2018,"1,077.00"
2/6/2018,"1,072.00"
2/7/2018,"1,066.00"
2/8/2018,"1,065.00"
2/11/2018,"1,070.00"
2/12/2018,"1,062.00"
2/14/2018,"1,068.00"
2/15/2018,"1,104.00"
2/18/2018,"1,112.00"
2/20/2018,"1,100.00"
2/21/2018,"1,095.00"
2/22/2018,"1,090.00"
2/25/2018,"1,070.00"
2/26/2018,"1,059.00"
2/27/2018,"1,068.00"
2/28/2018,"1,060.00"
3/4/2018,"1,034.00"
3/5/2018,"1,035.00"
3/6/2018,"1,050.00"
3/7/2018,"1,060.00"
3/11/2018,"1,044.00"
3/12/2018,"1,043.00"
3/13/2018,"1,030.00"
3/14/2018,"1,030.00"
3/15/2018,"1,023.00"
3/18/2018,"1,025.00"
3/19/2018,"1,015.00"
3/20/2018,"1,015.00"
3/21/2018,985
3/22/2018,975
3/26/2018,925
3/27/2018,939
3/28/2018,968
3/29/2018,970
4/1/2018,945
4/2/2018,945
4/3/2018,950
4/4/2018,965
4/5/2018,970
4/8/2018,999
4/9/2018,994
4/10/2018,986
4/11/2018,988
4/12/2018,989
4/15/2018,990
4/16/2018,996
4/17/2018,"1,002.00"
4/18/2018,"1,040.00"
4/19/2018,"1,055.00"
4/22/2018,"1,065.00"
4/23/2018,"1,050.00"
4/24/2018,"1,032.00"
4/25/2018,"1,040.00"
4/26/2018,"1,030.00"
4/29/2018,"1,013.00"
5/2/2018,"1,009.00"
5/3/2018,"1,009.00"
5/6/2018,"1,005.00"
5/7/2018,999
5/8/2018,"1,010.00"
5/9/2018,"1,003.00"
5/10/2018,"1,003.00"
5/14/2018,"1,000.00"
5/15/2018,"1,002.00"
5/16/2018,"1,000.00"
5/17/2018,"1,002.00"
5/20/2018,"1,000.00"
5/21/2018,999
5/22/2018,995
5/23/2018,987
5/24/2018,990
5/27/2018,989
5/28/2018,"1,012.00"
5/29/2018,999
5/30/2018,"1,000.00"
5/31/2018,"1,000.00"
6/3/2018,980
6/4/2018,979
6/6/2018,990
6/7/2018,975
6/10/2018,956
6/11/2018,955
6/12/2018,955
6/13/2018,955
6/14/2018,958
6/17/2018,942
6/18/2018,943
6/19/2018,941
6/20/2018,940
6/21/2018,942
6/24/2018,942
6/25/2018,932
6/26/2018,928
6/27/2018,930
6/28/2018,931
7/1/2018,928
7/2/2018,920
7/3/2018,920
7/4/2018,917
7/5/2018,924
7/8/2018,940
7/9/2018,918
7/10/2018,917
7/11/2018,918
7/12/2018,912
7/15/2018,920
7/16/2018,921
7/17/2018,900
7/18/2018,900
7/19/2018,900
7/22/2018,900
7/23/2018,900
7/24/2018,899
7/25/2018,897
7/26/2018,905
7/29/2018,910
7/30/2018,909
7/31/2018,905
8/1/2018,908
8/2/2018,906
8/5/2018,905
8/6/2018,903
8/7/2018,904
8/8/2018,904
8/9/2018,909
8/12/2018,900
8/13/2018,907
8/14/2018,907
8/15/2018,935
8/16/2018,957
8/19/2018,959
8/20/2018,948
8/21/2018,940
8/22/2018,945
8/23/2018,945
8/26/2018,945
8/28/2018,949
8/29/2018,947
8/30/2018,947
9/2/2018,950
9/3/2018,964
9/4/2018,966
9/5/2018,970
9/6/2018,965
9/9/2018,970
9/10/2018,964
9/11/2018,966
9/12/2018,965
9/13/2018,968
9/16/2018,969
9/17/2018,968
9/18/2018,968
9/20/2018,962
9/23/2018,961
9/25/2018,965
9/26/2018,966
9/27/2018,961
9/30/2018,950
10/1/2018,945
10/2/2018,945
10/3/2018,942
10/4/2018,944
10/7/2018,927
10/8/2018,929
10/9/2018,930
10/10/2018,930
10/11/2018,931
10/14/2018,938
10/15/2018,953
10/21/2018,953
10/22/2018,951
10/23/2018,960
10/24/2018,962
10/25/2018,956
10/28/2018,942
10/29/2018,940
10/30/2018,940
10/31/2018,952
11/1/2018,946
11/4/2018,940
11/5/2018,938
11/6/2018,946
11/11/2018,911
11/12/2018,904
11/13/2018,919
11/14/2018,919
11/15/2018,926
11/18/2018,916
11/19/2018,917
11/20/2018,902
11/21/2018,906
11/22/2018,900
11/25/2018,898
11/26/2018,888
11/27/2018,889
11/28/2018,889
11/29/2018,882
12/2/2018,865
12/3/2018,863
12/4/2018,860
12/5/2018,851
12/6/2018,850
12/9/2018,852
12/10/2018,853
12/11/2018,855
12/12/2018,851
12/13/2018,847
12/16/2018,853
12/17/2018,862
12/18/2018,858
12/19/2018,850
12/20/2018,851
12/23/2018,870
12/24/2018,868
12/25/2018,862
12/26/2018,864
12/27/2018,865
12/30/2018,866
12/31/2018,860
1/1/2019,851
1/2/2019,850
1/3/2019,841
1/6/2019,837
1/7/2019,835
1/8/2019,837
1/9/2019,834
1/10/2019,835
1/13/2019,838
1/14/2019,836
1/15/2019,842
1/16/2019,845
1/17/2019,844
1/20/2019,850
1/21/2019,843
1/22/2019,842
1/23/2019,838
1/24/2019,840
1/27/2019,838
1/28/2019,834
1/29/2019,830
1/30/2019,837
1/31/2019,841
2/3/2019,841
2/4/2019,829
2/5/2019,830
2/6/2019,828
2/7/2019,831
2/10/2019,824
2/11/2019,825
2/12/2019,825
2/13/2019,822
2/14/2019,818
2/17/2019,807
2/18/2019,783
2/19/2019,793
2/20/2019,789
2/21/2019,803
2/24/2019,795
2/25/2019,794
2/26/2019,687
2/27/2019,687
3/3/2019,682
3/5/2019,683
3/6/2019,686
3/7/2019,688
3/10/2019,691
3/11/2019,696
3/12/2019,720
3/13/2019,715
3/14/2019,715
3/17/2019,722
3/18/2019,722
3/19/2019,723
3/21/2019,710
3/24/2019,712
3/25/2019,712
3/26/2019,712
3/27/2019,709
3/28/2019,714
3/31/2019,712
4/1/2019,712
4/2/2019,717
4/3/2019,724
4/4/2019,727
4/7/2019,732
4/8/2019,740
4/9/2019,743
4/10/2019,740
4/11/2019,736
4/15/2019,746
4/16/2019,766
4/17/2019,773
4/18/2019,810
4/21/2019,866
4/22/2019,880
4/23/2019,881
4/24/2019,878
4/25/2019,880
4/28/2019,873
4/29/2019,868
4/30/2019,856
5/2/2019,847
5/5/2019,835
5/6/2019,851
5/7/2019,850
5/8/2019,846
5/9/2019,841
5/12/2019,841
5/13/2019,844
5/14/2019,848
5/15/2019,851
5/16/2019,845
5/19/2019,843
5/20/2019,830
5/21/2019,840
5/22/2019,841
5/23/2019,841
5/26/2019,840
5/27/2019,840
5/28/2019,836
5/29/2019,840
5/30/2019,847
6/2/2019,834
6/3/2019,833
6/4/2019,829
6/6/2019,828
6/10/2019,826
6/11/2019,822
6/12/2019,820
6/13/2019,827
6/16/2019,814
6/17/2019,816
6/18/2019,814
6/19/2019,814
6/20/2019,812
6/23/2019,805
6/24/2019,808
6/25/2019,810
6/26/2019,804
6/27/2019,800
6/30/2019,785
7/1/2019,785
7/2/2019,784
7/3/2019,795
7/4/2019,798
7/7/2019,790
7/8/2019,787
7/9/2019,806
7/10/2019,811
7/11/2019,823
7/14/2019,825
7/15/2019,799
7/16/2019,800
7/17/2019,813
7/18/2019,812
7/21/2019,801
7/22/2019,805
7/23/2019,808
7/24/2019,812
7/25/2019,805
7/28/2019,797
7/29/2019,803
7/30/2019,801
7/31/2019,800
8/1/2019,801
8/4/2019,799
8/5/2019,800
8/6/2019,790
8/7/2019,790
8/8/2019,790
8/11/2019,784
8/12/2019,783
8/13/2019,782
8/14/2019,779
8/15/2019,784
8/18/2019,779
8/19/2019,778
8/20/2019,778
8/21/2019,778
8/22/2019,777
8/25/2019,776
8/26/2019,775
8/27/2019,778
8/28/2019,770
8/29/2019,770
9/1/2019,769
9/2/2019,758
9/3/2019,774
9/4/2019,777
9/5/2019,780
9/8/2019,776
9/9/2019,776
9/10/2019,769
9/11/2019,772
9/12/2019,770
9/15/2019,759
9/16/2019,742
9/17/2019,750
9/18/2019,775
9/19/2019,775
9/22/2019,765
9/23/2019,760
9/24/2019,760
9/25/2019,759
9/26/2019,759
9/29/2019,752
9/30/2019,760
10/1/2019,772
10/2/2019,772
10/3/2019,769
10/10/2019,770
10/14/2019,765
10/15/2019,763
10/16/2019,762
10/17/2019,760
10/20/2019,757
10/21/2019,758
10/22/2019,756
10/23/2019,762
10/24/2019,768
10/31/2019,761
11/3/2019,760
11/4/2019,768
11/5/2019,770
11/6/2019,768
11/7/2019,755
11/10/2019,755
11/11/2019,753
11/12/2019,750
11/13/2019,750
11/14/2019,749
11/17/2019,755
11/18/2019,755
11/19/2019,753
11/20/2019,750
11/21/2019,740
11/24/2019,730
11/25/2019,730
11/26/2019,730
11/27/2019,732
11/28/2019,725
12/1/2019,723
12/2/2019,725
12/3/2019,725
12/4/2019,725
12/5/2019,730
12/8/2019,729
12/9/2019,736
12/10/2019,743
12/11/2019,747
12/12/2019,749
12/15/2019,744
12/16/2019,737
12/17/2019,743
12/18/2019,748
12/19/2019,753
12/22/2019,756
12/23/2019,750
12/24/2019,667
12/25/2019,669
12/26/2019,676
12/29/2019,674
12/30/2019,675
12/31/2019,681
1/1/2020,690
1/2/2020,685
1/5/2020,697
1/6/2020,713
1/7/2020,722
1/8/2020,721
1/9/2020,716
1/12/2020,726
1/13/2020,730
1/14/2020,730
1/15/2020,740
1/16/2020,751
1/19/2020,764
1/20/2020,761
1/21/2020,755
1/22/2020,745
1/23/2020,727
1/26/2020,712
1/27/2020,720
1/28/2020,725
1/29/2020,724
1/30/2020,736
2/2/2020,752
2/3/2020,738
2/4/2020,739
2/5/2020,734
2/6/2020,726
2/9/2020,721
2/10/2020,720
2/11/2020,723
2/12/2020,722
2/13/2020,723
2/16/2020,724
2/17/2020,750
2/18/2020,753
2/19/2020,751
2/20/2020,755
2/23/2020,790
2/24/2020,800
2/25/2020,814
2/26/2020,870
2/27/2020,955
3/1/2020,940
3/2/2020,850
3/3/2020,888
3/4/2020,847
3/5/2020,840
3/10/2020,776
3/11/2020,815
3/12/2020,790
3/15/2020,750
3/16/2020,750
3/17/2020,731
3/18/2020,715
3/19/2020,730
3/22/2020,701
5/12/2020,680
5/13/2020,660
6/29/2020,660
6/30/2020,725
7/1/2020,770
7/2/2020,720
7/5/2020,729
7/6/2020,737
7/7/2020,744
7/8/2020,741
7/9/2020,742
7/12/2020,747
7/13/2020,742
7/14/2020,745
7/15/2020,765
7/16/2020,790
7/19/2020,869
7/20/2020,879
7/21/2020,865
7/22/2020,846
7/23/2020,850
7/26/2020,861
7/27/2020,860
7/28/2020,854
7/29/2020,845
7/30/2020,851
8/2/2020,820
8/3/2020,824
8/5/2020,819
8/6/2020,814
8/9/2020,813
8/10/2020,832
8/11/2020,830
8/12/2020,836
8/13/2020,825
8/16/2020,822
8/17/2020,822
8/18/2020,830
8/19/2020,822
8/20/2020,817
8/23/2020,824
8/24/2020,830
8/25/2020,830
8/26/2020,841
8/27/2020,845
8/30/2020,839
8/31/2020,839
9/2/2020,858
9/3/2020,860
9/6/2020,855
9/7/2020,849
9/8/2020,846
9/9/2020,844
9/10/2020,845
9/13/2020,849
9/14/2020,856
9/15/2020,856
9/16/2020,853
9/17/2020,859
9/20/2020,880
9/21/2020,883
9/22/2020,871
9/23/2020,874
9/24/2020,875
9/27/2020,874
9/28/2020,871
9/29/2020,864
9/30/2020,859
10/1/2020,867
10/4/2020,880
10/5/2020,876
10/6/2020,877
10/7/2020,872
10/8/2020,869
10/11/2020,866
10/12/2020,864
10/13/2020,864
10/14/2020,860
10/15/2020,860
10/18/2020,859
10/19/2020,863
10/20/2020,868
10/21/2020,880
10/22/2020,885
10/28/2020,903
10/29/2020,902
11/1/2020,894
11/2/2020,886
11/3/2020,888
11/4/2020,888
11/5/2020,880
11/8/2020,870
11/9/2020,862
11/10/2020,879
11/11/2020,883
11/12/2020,887
11/18/2020,901
11/19/2020,905
11/22/2020,965
11/23/2020,978
11/24/2020,972
11/25/2020,"1,038.00"
11/26/2020,"1,130.00"
11/29/2020,"1,185.00"
11/30/2020,"1,159.00"
12/1/2020,"1,119.00"
12/2/2020,"1,125.00"
12/3/2020,"1,140.00"
12/6/2020,"1,078.00"
12/7/2020,"1,118.00"
12/8/2020,"1,124.00"
12/9/2020,"1,101.00"
12/10/2020,"1,120.00"
12/13/2020,"1,159.00"
12/14/2020,"1,227.00"
12/15/2020,"1,240.00"
12/16/2020,"1,248.00"
12/17/2020,"1,235.00"
12/20/2020,"1,207.00"
12/21/2020,"1,231.00"
12/22/2020,"1,354.00"
12/23/2020,"1,489.00"
12/24/2020,"1,425.00"
12/27/2020,"1,384.00"
12/28/2020,"1,379.00"
12/29/2020,"1,386.00"
12/30/2020,"1,101.00"
12/31/2020,"1,100.00"
1/3/2021,"1,125.00"
1/4/2021,"1,111.00"
1/5/2021,"1,097.00"
1/6/2021,"1,096.00"
1/7/2021,"1,091.00"
1/10/2021,"1,126.00"
1/11/2021,"1,125.00"
1/12/2021,"1,140.00"
1/13/2021,"1,132.00"
1/17/2021,"1,128.00"
1/18/2021,"1,128.00"
1/19/2021,"1,117.00"
1/20/2021,"1,103.00"
1/21/2021,"1,109.00"
1/24/2021,"1,115.00"
1/25/2021,"1,176.00"
1/26/2021,"1,168.00"
1/27/2021,"1,182.00"
1/28/2021,"1,145.00"
1/31/2021,"1,110.00"
2/1/2021,"1,120.00"
2/2/2021,"1,129.00"
2/3/2021,"1,120.00"
2/4/2021,"1,116.00"
2/7/2021,"1,114.00"
2/8/2021,"1,165.00"
2/9/2021,"1,160.00"
2/10/2021,"1,176.00"
2/11/2021,"1,213.00"
2/14/2021,"1,221.00"
2/15/2021,"1,321.00"
2/16/2021,"1,365.00"
2/17/2021,"1,391.00"
2/18/2021,"1,367.00"
2/21/2021,"1,355.00"
2/22/2021,"1,319.00"
2/23/2021,"1,335.00"
2/24/2021,"1,350.00"
2/25/2021,"1,322.00"
2/28/2021,"1,296.00"
3/1/2021,"1,314.00"
3/2/2021,"1,274.00"
3/3/2021,"1,244.00"
3/4/2021,"1,300.00"
3/7/2021,"1,285.00"
3/9/2021,"1,275.00"
3/10/2021,"1,255.00"
3/14/2021,"1,215.00"
3/15/2021,"1,205.00"
3/16/2021,"1,207.00"
3/17/2021,"1,219.00"
3/18/2021,"1,243.00"
3/21/2021,"1,259.00"
3/22/2021,"1,244.00"
3/23/2021,"1,234.00"
3/24/2021,"1,239.00"
3/25/2021,"1,227.00"
3/29/2021,"1,232.00"
3/30/2021,"1,236.00"
3/31/2021,"1,294.00"
4/1/2021,"1,283.00"
4/4/2021,"1,316.00"
4/5/2021,"1,315.00"
4/6/2021,"1,311.00"
4/7/2021,"1,317.00"
4/8/2021,"1,330.00"
4/12/2021,"1,348.00"
4/13/2021,"1,380.00"
4/15/2021,"1,370.00"
4/18/2021,"1,335.00"
4/19/2021,"1,318.00"
4/20/2021,"1,315.00"
4/21/2021,"1,295.00"
4/22/2021,"1,298.00"
4/25/2021,"1,270.00"
4/26/2021,"1,231.00"
4/27/2021,"1,278.00"
4/28/2021,"1,264.00"
4/29/2021,"1,270.00"
5/2/2021,"1,275.00"
5/3/2021,"1,284.00"
5/4/2021,"1,274.00"
5/5/2021,"1,266.00"
5/6/2021,"1,265.00"
5/9/2021,"1,259.00"
5/10/2021,"1,260.00"
5/11/2021,"1,265.00"
5/12/2021,"1,262.00"
5/13/2021,"1,267.00"
5/16/2021,"1,288.00"
5/17/2021,"1,308.00"
5/18/2021,"1,308.00"
5/19/2021,"1,302.00"
5/20/2021,"1,300.00"
5/23/2021,"1,312.00"
5/24/2021,"1,320.00"
5/25/2021,"1,306.00"
5/27/2021,"1,294.00"
5/30/2021,"1,300.00"
5/31/2021,"1,285.00"
6/1/2021,"1,292.00"
6/2/2021,"1,293.00"
6/3/2021,"1,309.00"
6/6/2021,"1,330.00"
6/7/2021,"1,316.00"
6/8/2021,"1,315.00"
6/9/2021,"1,310.00"
6/10/2021,"1,304.00"
6/13/2021,"1,304.00"
6/14/2021,"1,309.00"
6/15/2021,"1,312.00"
6/16/2021,"1,308.00"
6/17/2021,"1,309.00"
6/20/2021,"1,297.00"
6/21/2021,"1,285.00"
6/22/2021,"1,298.00"
6/23/2021,"1,291.00"
6/24/2021,"1,286.00"
6/27/2021,"1,298.00"
6/28/2021,"1,302.00"
6/29/2021,"1,296.00"
6/30/2021,"1,296.00"
7/1/2021,"1,297.00"
7/4/2021,"1,298.00"
7/5/2021,"1,297.00"
7/6/2021,"1,301.00"
7/7/2021,"1,299.00"
7/8/2021,"1,317.00"
7/11/2021,"1,345.00"
7/12/2021,"1,338.00"
7/13/2021,"1,347.00"
7/14/2021,"1,349.00"
7/15/2021,"1,359.00"
7/18/2021,"1,440.00"
7/19/2021,"1,451.00"
7/20/2021,"1,454.00"
7/22/2021,"1,459.00"
7/25/2021,"1,499.50"
7/26/2021,"1,492.00"
7/27/2021,"1,489.00"
7/28/2021,"1,482.00"
7/29/2021,"1,477.00"
8/1/2021,"1,480.00"
8/2/2021,"1,487.00"
8/3/2021,"1,490.00"
8/4/2021,"1,488.90"
8/5/2021,"1,488.00"
8/8/2021,"1,494.00"
8/9/2021,"1,494.00"
8/10/2021,"1,512.00"
8/11/2021,"1,514.00"
8/12/2021,"1,519.00"
8/15/2021,"1,505.00"
8/16/2021,"1,507.40"
8/17/2021,"1,495.00"
8/18/2021,"1,495.00"
8/19/2021,"1,490.00"
8/24/2021,"1,477.00"
8/25/2021,"1,459.00"
8/26/2021,"1,450.00"
8/29/2021,"1,433.00"
8/31/2021,"1,419.00"
9/1/2021,"1,420.00"
9/2/2021,"1,418.00"
9/5/2021,"1,388.00"
9/6/2021,"1,442.00"
9/7/2021,"1,429.90"
9/8/2021,"1,415.00"
9/9/2021,"1,410.00"
9/12/2021,"1,440.00"
9/13/2021,"1,455.00"
9/14/2021,"1,453.00"
9/15/2021,"1,445.00"
9/16/2021,"1,424.50"
9/20/2021,"1,393.00"
9/21/2021,"1,389.00"
9/22/2021,"1,424.40"
9/23/2021,"1,438.00"
9/26/2021,"1,431.00"
9/27/2021,"1,415.00"
9/28/2021,"1,395.00"
9/29/2021,"1,408.00"
9/30/2021,"1,407.00"
10/3/2021,"1,395.00"
10/4/2021,"1,397.00"
10/5/2021,"1,410.00"
10/6/2021,"1,444.90"
10/10/2021,"1,474.00"
10/11/2021,"1,450.00"
10/17/2021,"1,482.00"
10/18/2021,"1,468.00"
10/19/2021,"1,431.00"
10/20/2021,"1,460.00"
10/21/2021,"1,471.00"
10/24/2021,"1,470.90"
10/25/2021,"1,497.00"
10/26/2021,"1,569.00"
10/27/2021,"1,606.00"
10/28/2021,"1,598.00"
10/31/2021,"1,580.00"
11/1/2021,"1,620.00"
11/2/2021,"1,608.00"
11/3/2021,"1,653.00"
11/8/2021,"1,614.70"
11/9/2021,"1,579.00"
11/11/2021,"1,550.00"
11/14/2021,"1,548.00"
11/15/2021,"1,540.00"
11/16/2021,"1,559.00"
11/17/2021,"1,556.00"
11/18/2021,"1,547.00"
11/21/2021,"1,544.00"
11/22/2021,"1,546.00"
11/23/2021,"1,537.00"
11/24/2021,"1,545.00"
11/25/2021,"1,538.00"
11/28/2021,"1,523.00"
11/29/2021,"1,526.00"
11/30/2021,"1,521.00"
12/1/2021,"1,524.20"
12/2/2021,"1,512.00"
12/5/2021,"1,474.00"
12/6/2021,"1,485.00"
12/7/2021,"1,475.00"
12/8/2021,"1,456.80"
12/9/2021,"1,452.90"
12/12/2021,"1,421.00"
12/13/2021,"1,366.10"
12/14/2021,"1,460.00"
12/15/2021,"1,450.00"
12/16/2021,"1,430.00"
12/20/2021,"1,420.00"
12/21/2021,"1,452.50"
12/22/2021,"1,485.00"
12/23/2021,"1,485.00"
12/26/2021,"1,524.00"
12/27/2021,"1,499.00"
12/28/2021,"1,480.00"
12/29/2021,"1,450.00"
1/2/2022,"1,144.00"
1/3/2022,"1,137.00"
1/4/2022,"1,119.00"
1/5/2022,"1,111.90"
1/6/2022,"1,114.00"
1/9/2022,"1,113.00"
1/10/2022,"1,111.30"
1/11/2022,"1,114.80"
1/12/2022,"1,107.00"
1/13/2022,"1,110.00"
1/16/2022,"1,140.00"
1/17/2022,"1,178.90"
1/18/2022,"1,190.00"
1/19/2022,"1,177.00"
1/20/2022,"1,178.00"
1/23/2022,"1,161.00"
1/24/2022,"1,127.00"
1/25/2022,"1,129.10"
1/26/2022,"1,121.00"
1/27/2022,"1,117.00"
1/30/2022,"1,135.00"
1/31/2022,"1,127.00"
2/1/2022,"1,121.10"
2/3/2022,"1,122.00"
2/6/2022,"1,109.00"
2/7/2022,"1,109.00"
2/8/2022,"1,107.00"
2/9/2022,"1,100.90"
2/10/2022,"1,097.10"
2/13/2022,"1,070.00"
2/14/2022,"1,064.00"
2/15/2022,"1,075.00"
2/16/2022,"1,080.00"
2/17/2022,"1,079.00"
2/20/2022,"1,062.00"
2/21/2022,"1,067.00"
2/22/2022,"1,070.50"
2/23/2022,"1,067.50"
2/24/2022,"1,051.00"
2/27/2022,"1,041.00"
2/28/2022,"1,040.00"
3/2/2022,"1,006.00"
3/6/2022,"1,002.90"
3/7/2022,"1,011.90"
3/9/2022,"1,007.90"
3/10/2022,"1,018.00"
3/13/2022,"1,079.00"
3/14/2022,"1,092.00"
3/15/2022,"1,079.00"
3/16/2022,"1,064.00"
3/20/2022,"1,060.00"
3/21/2022,"1,052.00"
3/22/2022,"1,050.00"
3/23/2022,"1,047.00"
3/24/2022,"1,040.00"
3/27/2022,"1,020.00"
3/28/2022,"1,017.00"
3/29/2022,"1,009.00"
3/30/2022,"1,006.00"
3/31/2022,"1,002.00"
4/3/2022,997
4/4/2022,997
4/5/2022,984
4/6/2022,965
4/7/2022,969
4/11/2022,971
4/12/2022,960
4/13/2022,971
4/17/2022,971
4/18/2022,956
4/19/2022,949
4/20/2022,940
4/21/2022,935
4/24/2022,951.5
4/25/2022,940.9
4/26/2022,937.9
4/27/2022,934.9
4/28/2022,928
5/2/2022,920
5/4/2022,909
5/5/2022,901.9
5/8/2022,889
5/9/2022,896.5
5/10/2022,909.7
5/11/2022,933
5/12/2022,930
5/17/2022,910
5/18/2022,914
5/19/2022,908
5/20/2022,906
5/23/2022,899
5/24/2022,897.1
5/25/2022,900
5/26/2022,898.6
5/27/2022,898
5/30/2022,890
5/31/2022,875
6/1/2022,867
6/2/2022,861.9
6/3/2022,845
6/6/2022,846
6/7/2022,831.5
6/8/2022,843
6/9/2022,846.4
6/10/2022,848.1
6/13/2022,846
6/14/2022,838.5
6/15/2022,825
6/16/2022,825
6/17/2022,817
6/19/2022,816
6/20/2022,794.9
6/21/2022,792
6/22/2022,782
6/23/2022,749
6/24/2022,740
6/26/2022,775
6/27/2022,780
6/28/2022,778
6/29/2022,795
6/30/2022,835
7/1/2022,856
7/3/2022,889
7/4/2022,895
7/5/2022,872
7/6/2022,864
7/7/2022,845
7/8/2022,826
7/11/2022,792
7/12/2022,796.9
7/13/2022,811
7/14/2022,817
7/15/2022,824
7/17/2022,830
7/18/2022,832
7/19/2022,838
7/20/2022,845
7/21/2022,855
7/22/2022,839.9
7/24/2022,860
7/25/2022,885
7/26/2022,866
7/27/2022,866
7/28/2022,866
7/29/2022,869.9
7/31/2022,881
8/1/2022,881.9
8/2/2022,877
8/3/2022,862
8/4/2022,850
8/5/2022,819.7
8/7/2022,817
8/8/2022,803
8/9/2022,788.1
8/10/2022,790
8/11/2022,793
8/14/2022,789
8/15/2022,799.4
8/16/2022,799
8/17/2022,794.5
8/18/2022,802
8/21/2022,801
8/22/2022,799
8/23/2022,801.9
8/24/2022,802
8/25/2022,800
8/26/2022,795.9
8/28/2022,793.5
8/29/2022,790
8/30/2022,789.5
8/31/2022,786
9/1/2022,784
9/2/2022,784.9
9/4/2022,779.9
9/5/2022,776.1
9/6/2022,768
9/7/2022,763.2
9/8/2022,760
9/11/2022,759
9/12/2022,755
9/13/2022,770
9/14/2022,799
9/15/2022,781
9/16/2022,772
9/18/2022,764
9/20/2022,749.5
9/21/2022,762.1
9/22/2022,759
9/25/2022,752.9
9/27/2022,770
9/28/2022,767
9/29/2022,780
10/9/2022,807
10/10/2022,797
10/11/2022,792
10/12/2022,794
10/13/2022,796
10/16/2022,794
10/17/2022,794
10/19/2022,798.5
10/20/2022,796.5
10/23/2022,808
10/31/2022,816
11/1/2022,835
11/2/2022,830
11/3/2022,824
11/6/2022,831.1
11/7/2022,834
11/8/2022,833
11/9/2022,823.5
11/10/2022,815
11/13/2022,811
11/14/2022,814
11/15/2022,817.9
11/16/2022,819.5
11/17/2022,827.3
11/22/2022,829
11/23/2022,824.6
11/24/2022,831
11/27/2022,876
11/28/2022,874
11/29/2022,877
11/30/2022,882
12/1/2022,913
12/4/2022,882
12/5/2022,883
12/6/2022,888
12/7/2022,881
12/11/2022,846
12/12/2022,815
12/13/2022,807.1
12/14/2022,808
12/15/2022,804
12/18/2022,794
12/19/2022,797
12/20/2022,800
12/21/2022,807
12/22/2022,810
12/26/2022,838
12/27/2022,842
12/28/2022,834.9
12/29/2022,843
1/1/2023,854.5
1/2/2023,739
1/3/2023,736
1/4/2023,736.9
1/5/2023,727
1/8/2023,719.1
1/9/2023,719
1/10/2023,719.2
1/12/2023,714
1/17/2023,711
1/18/2023,703.9
1/19/2023,703.5
1/23/2023,710.9
1/24/2023,713
1/25/2023,709.1
1/26/2023,705.6
1/29/2023,702.5
1/30/2023,698
1/31/2023,690.4
2/1/2023,690
2/2/2023,688
2/5/2023,681
2/6/2023,677.3
2/7/2023,691.9
2/8/2023,688
2/9/2023,693
2/12/2023,683
2/14/2023,675
2/15/2023,674.5
2/16/2023,670.2
2/20/2023,662.5
2/22/2023,678.9
2/23/2023,669
2/26/2023,663.5
2/27/2023,661
2/28/2023,657
3/1/2023,655
3/2/2023,649.1
3/5/2023,637.3
3/7/2023,639
3/9/2023,647
3/12/2023,636.9
3/13/2023,629.9
3/14/2023,625
3/15/2023,618
3/16/2023,613
3/19/2023,606
3/20/2023,613
3/22/2023,613
3/23/2023,605
3/26/2023,596
3/27/2023,604
3/28/2023,606.5
3/29/2023,609
3/30/2023,603
4/2/2023,597.8
4/3/2023,589.9
4/4/2023,589
4/5/2023,590
4/6/2023,592.2
4/9/2023,580
4/10/2023,582.1
4/11/2023,592
4/12/2023,629
4/13/2023,618.9
4/16/2023,617
4/17/2023,616
4/18/2023,616
4/19/2023,620
4/20/2023,620
4/23/2023,609
4/24/2023,605
4/25/2023,605.5
4/26/2023,604
4/27/2023,600
4/30/2023,597
5/2/2023,599.5
5/3/2023,598.5
5/4/2023,598.9
5/7/2023,595
5/8/2023,593
5/9/2023,595
5/10/2023,590
5/11/2023,590
5/14/2023,584.9
5/15/2023,583.8
5/16/2023,584
5/17/2023,590
5/18/2023,590
5/21/2023,595.1
5/22/2023,599
5/23/2023,605.5
5/24/2023,606
5/28/2023,601
5/30/2023,587.3
5/31/2023,581.5
6/1/2023,587.8
6/4/2023,595.4
6/5/2023,591
6/6/2023,591.7
6/7/2023,591.3
6/8/2023,590.9
6/11/2023,594
6/12/2023,597
6/13/2023,597
6/14/2023,599
6/15/2023,598
6/18/2023,596
6/19/2023,594
6/20/2023,595.3
6/21/2023,590.1
6/22/2023,588.5
6/25/2023,587
6/26/2023,586
6/27/2023,608.9
6/28/2023,606
7/2/2023,594
7/3/2023,584.9
7/4/2023,586
7/5/2023,582.6
7/6/2023,582.1
7/9/2023,583
7/10/2023,583
7/11/2023,583
7/12/2023,586
7/13/2023,590
7/16/2023,599.2
7/17/2023,611
7/18/2023,613
7/19/2023,616.8
7/20/2023,624
7/23/2023,649
7/24/2023,639
7/25/2023,623.6
7/26/2023,623.5
7/27/2023,618
7/30/2023,616
7/31/2023,615
8/1/2023,611.1
8/2/2023,613
8/3/2023,613
8/6/2023,612
8/7/2023,610
8/8/2023,600
8/9/2023,603
8/10/2023,606.5
8/13/2023,603.5
8/14/2023,602.8
8/15/2023,599
8/16/2023,592
8/17/2023,593
8/20/2023,591.9
8/21/2023,591.5
8/22/2023,594
8/23/2023,599
8/24/2023,592.5
8/27/2023,590
8/28/2023,590.1
8/29/2023,590
8/30/2023,587.3
9/3/2023,584
9/4/2023,584
9/5/2023,581.8
9/7/2023,577.2
9/10/2023,580
9/11/2023,588.7
9/12/2023,584
9/13/2023,588
9/17/2023,593
9/18/2023,591.1
9/19/2023,589
9/21/2023,593
9/24/2023,592
9/25/2023,595
9/26/2023,594
9/27/2023,591.5
10/1/2023,585
10/2/2023,583
10/3/2023,584
10/4/2023,583.8
10/5/2023,581.7
10/8/2023,575
10/9/2023,571.8
10/10/2023,569
10/11/2023,567
10/12/2023,566.9
10/16/2023,568
10/17/2023,572.1
10/18/2023,589.5
10/19/2023,590
10/29/2023,581
10/30/2023,580
10/31/2023,578
11/1/2023,577.6
11/2/2023,572.9
11/5/2023,566
11/6/2023,568
11/7/2023,569.9
11/8/2023,571.5
11/9/2023,569.2
11/20/2023,565
11/21/2023,561
11/22/2023,561
11/23/2023,515
11/26/2023,533.4
11/27/2023,526
11/28/2023,517
11/29/2023,511.9
11/30/2023,508.9
12/3/2023,506
12/4/2023,502
12/5/2023,502.1
12/6/2023,505
12/7/2023,507.6
12/10/2023,528.5
12/11/2023,522
12/12/2023,521.2
12/13/2023,521
12/14/2023,522.8
12/17/2023,513
12/18/2023,513
12/19/2023,518
12/20/2023,520
12/21/2023,523
12/24/2023,515
12/27/2023,508
12/28/2023,506
1/1/2024,505.9
1/2/2024,499.9
1/3/2024,496
1/4/2024,495.5
1/7/2024,490
1/8/2024,488.1
1/9/2024,490
1/10/2024,492
1/11/2024,493
1/14/2024,494.5
1/16/2024,501
1/17/2024,504
1/18/2024,498
1/21/2024,493
1/22/2024,489
1/23/2024,484.5
1/24/2024,484.9
1/25/2024,488
1/28/2024,491
1/29/2024,488
1/30/2024,487
1/31/2024,484.6
2/1/2024,480.6
2/4/2024,477
2/5/2024,475
2/6/2024,475
2/7/2024,475.1
2/8/2024,476.5
2/11/2024,475
2/12/2024,477
2/13/2024,471.5
2/14/2024,465.5
2/15/2024,462.5
2/18/2024,457.7
2/20/2024,449
2/21/2024,449
2/22/2024,445
2/25/2024,436.5
2/26/2024,434
2/27/2024,437.8
2/28/2024,435
2/29/2024,429.5
3/3/2024,424
3/4/2024,458.3
3/5/2024,446
3/6/2024,442
3/7/2024,445.5
3/10/2024,449.8
3/12/2024,469
3/13/2024,473
3/14/2024,471.9
3/17/2024,464
3/18/2024,461
3/19/2024,460
3/20/2024,457
3/21/2024,451
3/25/2024,445
3/26/2024,441.8
3/27/2024,440.5
3/28/2024,442.5
3/31/2024,440
4/1/2024,439
4/2/2024,436
4/3/2024,434
4/4/2024,434
4/7/2024,438
4/9/2024,439
4/10/2024,438
4/14/2024,438
4/15/2024,435
4/16/2024,433
4/18/2024,429.9
4/21/2024,428
4/22/2024,429
4/24/2024,429
4/25/2024,427.3
4/28/2024,427
4/29/2024,429
4/30/2024,431.5
5/2/2024,429.5
5/5/2024,426
5/6/2024,424
5/7/2024,422
5/8/2024,424.5
5/9/2024,422.7
5/12/2024,422
5/13/2024,430.8
5/14/2024,433.5
5/15/2024,434
5/16/2024,431
5/19/2024,437
5/20/2024,458
5/21/2024,480.9
5/22/2024,514
5/26/2024,517
5/27/2024,507.9
5/29/2024,489
5/30/2024,478.3
6/2/2024,490
6/3/2024,484.9
6/4/2024,483
6/5/2024,480
6/6/2024,477
6/9/2024,474
6/10/2024,468
6/11/2024,478
6/12/2024,483
6/13/2024,479.1
6/16/2024,475
6/18/2024,469
6/19/2024,472
6/20/2024,470.1
6/23/2024,466
6/24/2024,461.1
6/25/2024,458.2
6/26/2024,456
6/27/2024,456
6/30/2024,452
7/1/2024,458.8
7/2/2024,477.1
7/3/2024,484
7/4/2024,487
7/7/2024,487
7/8/2024,490
7/9/2024,490.2
7/10/2024,497.1
7/11/2024,507
7/14/2024,529
7/15/2024,524
7/16/2024,532.9
7/17/2024,538
7/18/2024,567
7/21/2024,577
7/22/2024,574
7/23/2024,579
7/24/2024,579
7/25/2024,575.9
7/28/2024,633.4
7/29/2024,649
7/30/2024,644
7/31/2024,649.3
8/1/2024,645
8/5/2024,660
8/6/2024,625
8/7/2024,631.5
8/8/2024,630
8/11/2024,639.1
8/12/2024,646.9
8/13/2024,647.9
8/14/2024,645
8/15/2024,660
8/18/2024,662
8/21/2024,658.3
8/22/2024,654
8/25/2024,636.9
8/27/2024,605.6
8/28/2024,616
8/29/2024,605
9/1/2024,595
9/2/2024,611.7
9/3/2024,610
9/4/2024,595
9/5/2024,592
9/8/2024,586
9/9/2024,573
9/10/2024,569.8
9/11/2024,561.5
9/12/2024,569
9/15/2024,571
9/16/2024,561.2
9/18/2024,556
9/22/2024,562
9/23/2024,568
9/24/2024,553.5
9/25/2024,555
9/26/2024,550
9/29/2024,541.5
9/30/2024,550
10/1/2024,568
10/2/2024,565
10/6/2024,574
10/7/2024,591.5
10/8/2024,591
10/9/2024,593
10/15/2024,600
10/16/2024,608
10/17/2024,607.1
10/20/2024,597
10/21/2024,585.5
10/22/2024,591
10/23/2024,594
10/24/2024,591.5
10/27/2024,587
10/28/2024,585
10/29/2024,591.8
10/30/2024,576
11/5/2024,567
11/6/2024,564.6
11/10/2024,570
11/11/2024,569
11/12/2024,566.2
11/13/2024,561
11/14/2024,562
11/17/2024,562.1
11/19/2024,559.8
11/20/2024,557
11/21/2024,553.7
11/24/2024,558
11/25/2024,547.6
11/26/2024,545
11/27/2024,548
11/28/2024,540
12/1/2024,536
12/2/2024,534
12/3/2024,532
12/4/2024,530
12/5/2024,525
12/8/2024,514.5
12/9/2024,510
12/10/2024,508.1
12/11/2024,528
12/12/2024,520
12/16/2024,512.9
12/17/2024,512
12/18/2024,511.8
12/19/2024,508
12/22/2024,502.9
12/23/2024,501
12/24/2024,501
12/26/2024,502
12/29/2024,502.7
12/31/2024,502
1/1/2025,501.4
1/2/2025,499.3
1/5/2025,499
1/6/2025,499
1/7/2025,500
1/8/2025,498.9
1/9/2025,495.5
1/12/2025,490.6
1/13/2025,489.5
1/15/2025,489.5
1/16/2025,489.1
1/19/2025,488.2
1/20/2025,484.5
1/21/2025,483.4
1/22/2025,486
1/23/2025,488
1/26/2025,482.2
1/27/2025,479.5
1/28/2025,476
2/2/2025,491.4
2/3/2025,495.9
2/4/2025,493
2/5/2025,490
2/6/2025,486.7
2/9/2025,486.3
2/10/2025,490
2/11/2025,487
2/12/2025,485
2/13/2025,485.5
2/16/2025,487
